"","BIAS","RMSE","SEE"
"AT1",-0.00146825666261943,0.0813617016135542,0.0758495457742474
"AT2",0.0206420391081728,0.081697112836912,0.0757891209819921
"AT3",0.0120979483617983,0.0733313435612332,0.0778984896134984
"AT4",0.0063714860260722,0.0796654070798347,0.0762053325873068
"AT5",0.0177130524543944,0.168489127205521,0.184411934800621
"AT6",0.0217814323775921,0.146794997196843,0.172226032460558
"AG1",0.028789939388275,0.0603290501105508,0.0549503421037428
"AG2",0.0107651410792754,0.0575026816747377,0.0548038762127873
"AG3",0.00897987406783309,0.0466735595174496,0.0519099450345789
"AG4",0.00864482130162881,0.0492681885105063,0.0510498651395133
"AG5",0.0172004989942738,0.125287324924669,0.134631463703742
"AG6",0.0527947015798491,0.114837740557223,0.118753185862013
"betaT1",-0.0138627286913854,0.0911653004478834,0.0898799037613658
"betaT2",0.0196221083636124,0.101550258520685,0.0994165811313525
"betaG1",0.0130118554460813,0.0693202591779062,0.0708628600185853
"betaG2",0.00721604362813938,0.0609064390447734,0.0594549588198941
"Lamda1",0.0149066393313403,0.0286844576287054,0.0298867635899405
"Lamda2",0.028676103231812,0.0373163249126163,0.0294018372025591
"psi1",0.0321229067996386,0.0377282806818684,0.0264508007051377
"psi2",0.00862755514116546,0.0193627107375947,0.0228196239747764
"psi3",0.0455714910718404,0.0501485087829854,0.0299706428877643
"psi4",0.00222723316359669,0.0163136886335314,0.0220118176992489
