"Family","Contrast","Effect","True_Value","Estimate","Bias","RMSE","SD"
"G","Z1_vs_ref","Total_Effect",-0.0356546213755803,-0.0360530295716779,-0.00039840819609765,0.0347508131660421,0.0349387080237753
"G","Z1_vs_ref","Direct_Effect",-0.0177948125447228,-0.0215322757011236,-0.00373746315640077,0.0258568152745452,0.0257105135097367
"G","Z1_vs_ref","IE_via_M1",0,0.00107965804050602,0.00107965804050602,0.0193556716688181,0.0194228950672809
"G","Z1_vs_ref","IE_via_M2",-0.0178598088308574,-0.0156004119110603,0.0022593969197971,0.00957710772962368,0.00937175006005149
"G","Z1_vs_ref","Check_TE_minus_sum",0,0,0,0,0
"G","Z2_vs_ref","Total_Effect",-0.142036470649796,-0.143591209444269,-0.00155473879447253,0.0287925149797149,0.0287459857007155
"G","Z2_vs_ref","Direct_Effect",-0.0892401396768736,-0.0979653023274866,-0.00872516265061296,0.0235042967081994,0.0219598699776568
"G","Z2_vs_ref","IE_via_M1",-0.035347227849222,-0.0311087196953429,0.00423850815387919,0.0168544096724613,0.0163380170614182
"G","Z2_vs_ref","IE_via_M2",-0.0174491031237006,-0.0145171874214393,0.00293191570226125,0.00832753513451524,0.00783253137654013
"G","Z2_vs_ref","Check_TE_minus_sum",0,0,0,0,0
